1	exit=0	Running ExUnit with seed: 167141, max_cases: 8	121 tests, 0 failures
2	exit=0	Running ExUnit with seed: 481953, max_cases: 8	121 tests, 0 failures
3	exit=0	Running ExUnit with seed: 232375, max_cases: 8	121 tests, 0 failures
4	exit=0	Running ExUnit with seed: 781808, max_cases: 8	121 tests, 0 failures
5	exit=0	Running ExUnit with seed: 220839, max_cases: 8	121 tests, 0 failures
6	exit=0	Running ExUnit with seed: 32477, max_cases: 8	121 tests, 0 failures
7	exit=0	Running ExUnit with seed: 125022, max_cases: 8	121 tests, 0 failures
8	exit=0	Running ExUnit with seed: 309011, max_cases: 8	121 tests, 0 failures
9	exit=0	Running ExUnit with seed: 564663, max_cases: 8	121 tests, 0 failures
10	exit=0	Running ExUnit with seed: 910784, max_cases: 8	121 tests, 0 failures
11	exit=0	Running ExUnit with seed: 943515, max_cases: 8	121 tests, 0 failures
12	exit=0	Running ExUnit with seed: 595427, max_cases: 8	121 tests, 0 failures
13	exit=0	Running ExUnit with seed: 189449, max_cases: 8	121 tests, 0 failures
14	exit=0	Running ExUnit with seed: 257804, max_cases: 8	121 tests, 0 failures
15	exit=0	Running ExUnit with seed: 236414, max_cases: 8	121 tests, 0 failures
16	exit=0	Running ExUnit with seed: 865882, max_cases: 8	121 tests, 0 failures
17	exit=0	Running ExUnit with seed: 739067, max_cases: 8	121 tests, 0 failures
18	exit=0	Running ExUnit with seed: 210497, max_cases: 8	121 tests, 0 failures
19	exit=0	Running ExUnit with seed: 380378, max_cases: 8	121 tests, 0 failures
20	exit=0	Running ExUnit with seed: 665257, max_cases: 8	121 tests, 0 failures
21	exit=0	Running ExUnit with seed: 749892, max_cases: 8	121 tests, 0 failures
22	exit=0	Running ExUnit with seed: 934011, max_cases: 8	121 tests, 0 failures
23	exit=0	Running ExUnit with seed: 174476, max_cases: 8	121 tests, 0 failures
24	exit=0	Running ExUnit with seed: 992297, max_cases: 8	121 tests, 0 failures
25	exit=0	Running ExUnit with seed: 588692, max_cases: 8	121 tests, 0 failures
26	exit=0	Running ExUnit with seed: 631348, max_cases: 8	121 tests, 0 failures
27	exit=0	Running ExUnit with seed: 811373, max_cases: 8	121 tests, 0 failures
28	exit=0	Running ExUnit with seed: 268024, max_cases: 8	121 tests, 0 failures
29	exit=0	Running ExUnit with seed: 519071, max_cases: 8	121 tests, 0 failures
30	exit=0	Running ExUnit with seed: 690025, max_cases: 8	121 tests, 0 failures
